id_atendente,tempo_de_casa_meses,volume_chamados_dia,escala_turno,dias_falta_mes,status
ATEND_0001,39,46,Manhã,0,Ativo
ATEND_0002,52,36,Manhã,4,Ativo
ATEND_0003,29,44,Madrugada,3,Ativo
ATEND_0004,15,39,Madrugada,3,Ativo
ATEND_0005,43,27,Tarde,1,Ativo
ATEND_0006,8,48,Tarde,1,Desligado
ATEND_0007,21,40,Noite,2,Desligado
ATEND_0008,39,45,Manhã,3,Ativo
ATEND_0009,58,36,Madrugada,3,Desligado
ATEND_0010,19,41,Tarde,1,Ativo
ATEND_0011,23,60,Tarde,3,Ativo
ATEND_0012,11,46,Tarde,1,Ativo
ATEND_0013,11,380,Manhã,1,Ativo
ATEND_0014,24,32,Manhã,1,Desligado
ATEND_0015,53,68,Noite,1,Ativo
ATEND_0016,36,63,Manhã,1,Ativo
ATEND_0017,40,58,Tarde,0,Ativo
ATEND_0018,24,53,Manhã,1,Ativo
ATEND_0019,3,45,Tarde,0,Desligado
ATEND_0020,22,49,Manhã,2,Ativo
ATEND_0021,53,55,Tarde,1,Ativo
ATEND_0022,2,38,Noite,2,Ativo
ATEND_0023,24,40,Manhã,0,Ativo
ATEND_0024,44,28,Tarde,1,Ativo
ATEND_0025,30,37,Tarde,1,Ativo
ATEND_0026,38,61,Noite,2,Ativo
ATEND_0027,2,41,Madrugada,3,Ativo
ATEND_0028,21,41,Noite,0,Desligado
ATEND_0029,33,48,Manhã,0,Desligado
ATEND_0030,12,28,Manhã,2,Ativo
ATEND_0031,58,54,Manhã,1,Ativo
ATEND_0032,22,57,Tarde,2,Ativo
ATEND_0033,44,48,Manhã,1,Desligado
ATEND_0034,25,61,Tarde,0,Ativo
ATEND_0035,49,31,Tarde,1,Ativo
ATEND_0036,27,63,Tarde,1,Ativo
ATEND_0037,59,37,Noite,2,Ativo
ATEND_0038,42,32,Manhã,1,Ativo
ATEND_0039,28,42,Manhã,0,Ativo
ATEND_0040,16,63,Noite,1,Ativo
ATEND_0041,15,44,Tarde,2,Ativo
ATEND_0042,47,35,Noite,1,Ativo
ATEND_0043,51,32,Tarde,3,Ativo
ATEND_0044,44,43,Manhã,0,Ativo
ATEND_0045,55,25,Noite,3,Ativo
ATEND_0046,52,420,Noite,1,Ativo
ATEND_0047,57,60,Noite,0,Ativo
ATEND_0048,3,58,Manhã,1,Desligado
ATEND_0049,37,43,Tarde,2,Ativo
ATEND_0050,51,40,Tarde,0,Ativo
ATEND_0051,7,45,Manhã,1,Ativo
ATEND_0052,21,68,Madrugada,2,Ativo
ATEND_0053,9,49,Manhã,0,Ativo
ATEND_0054,39,54,Madrugada,1,Ativo
ATEND_0055,18,42,Tarde,1,Ativo
ATEND_0056,4,45,Manhã,2,Desligado
ATEND_0057,25,51,Tarde,0,Ativo
ATEND_0058,14,46,Madrugada,0,Desligado
ATEND_0059,50,26,Noite,2,Desligado
ATEND_0060,58,57,Noite,0,Ativo
ATEND_0061,9,38,Noite,1,Desligado
ATEND_0062,26,66,Noite,2,Ativo
ATEND_0063,53,51,Noite,1,Desligado
ATEND_0064,2,45,Manhã,2,Ativo
ATEND_0065,20,49,Tarde,1,Ativo
ATEND_0066,28,43,Manhã,0,Ativo
ATEND_0067,47,40,Madrugada,2,Ativo
ATEND_0068,7,47,Madrugada,0,Ativo
ATEND_0069,44,53,Manhã,0,Ativo
ATEND_0070,8,40,Noite,1,Ativo
ATEND_0071,47,38,Madrugada,1,Ativo
ATEND_0072,35,41,Manhã,1,Ativo
ATEND_0073,14,54,Tarde,1,Ativo
ATEND_0074,17,59,Madrugada,1,Desligado
ATEND_0075,36,48,Manhã,3,Desligado
ATEND_0076,50,50,Noite,1,Desligado
ATEND_0077,40,38,Manhã,3,Ativo
ATEND_0078,4,53,Madrugada,2,Ativo
ATEND_0079,2,50,Madrugada,2,Ativo
ATEND_0080,6,37,Madrugada,1,Desligado
ATEND_0081,54,27,Tarde,1,Ativo
ATEND_0082,42,32,Madrugada,2,Ativo
ATEND_0083,4,38,Noite,3,Ativo
ATEND_0084,54,56,Tarde,1,Desligado
ATEND_0085,29,60,Noite,4,Ativo
ATEND_0086,18,40,Manhã,1,Ativo
ATEND_0087,26,40,Tarde,1,Ativo
ATEND_0088,44,47,Manhã,3,Ativo
ATEND_0089,34,45,Manhã,25,Ativo
ATEND_0090,10,54,Manhã,1,Ativo
ATEND_0091,36,39,Noite,2,Ativo
ATEND_0092,14,54,Tarde,1,Desligado
ATEND_0093,31,42,Noite,2,Ativo
ATEND_0094,48,53,Manhã,3,Desligado
ATEND_0095,15,42,Tarde,1,Desligado
ATEND_0096,8,38,Tarde,2,Ativo
ATEND_0097,14,64,Noite,3,Ativo
ATEND_0098,23,55,Tarde,0,Ativo
ATEND_0099,57,27,Tarde,1,Desligado
ATEND_0100,40,40,Madrugada,1,Ativo
ATEND_0101,21,57,Tarde,3,Ativo
ATEND_0102,16,33,Manhã,3,Ativo
ATEND_0103,45,52,Manhã,1,Ativo
ATEND_0104,18,51,Madrugada,1,Ativo
ATEND_0105,47,38,Manhã,0,Ativo
ATEND_0106,53,44,Madrugada,1,Ativo
ATEND_0107,24,24,Tarde,0,Ativo
ATEND_0108,26,62,Madrugada,0,Ativo
ATEND_0109,25,41,Noite,3,Ativo
ATEND_0110,45,53,Madrugada,1,Ativo
ATEND_0111,41,51,Tarde,1,Ativo
ATEND_0112,29,58,Noite,1,Desligado
ATEND_0113,15,40,Tarde,2,Ativo
ATEND_0114,45,47,Tarde,0,Ativo
ATEND_0115,1,50,Tarde,2,Ativo
ATEND_0116,25,53,Madrugada,1,Ativo
ATEND_0117,7,56,Madrugada,2,Ativo
ATEND_0118,9,40,Noite,0,Ativo
ATEND_0119,24,38,Tarde,0,Desligado
ATEND_0120,1,58,Tarde,1,Ativo
ATEND_0121,44,24,Noite,1,Ativo
ATEND_0122,8,60,Manhã,3,Ativo
ATEND_0123,24,41,Manhã,1,Ativo
ATEND_0124,11,44,Tarde,1,Ativo
ATEND_0125,51,38,Manhã,0,Ativo
ATEND_0126,17,44,Manhã,2,Ativo
ATEND_0127,8,57,Manhã,1,Ativo
ATEND_0128,35,52,Manhã,3,Ativo
ATEND_0129,35,49,Manhã,1,Ativo
ATEND_0130,33,45,Madrugada,0,Ativo
ATEND_0131,59,30,Tarde,0,Ativo
ATEND_0132,5,36,Tarde,1,Desligado
ATEND_0133,42,41,Noite,1,Ativo
ATEND_0134,39,49,Manhã,0,Ativo
ATEND_0135,58,45,Madrugada,0,Ativo
ATEND_0136,41,54,Noite,4,Desligado
ATEND_0137,28,49,Manhã,1,Desligado
ATEND_0138,7,45,Tarde,1,Ativo
ATEND_0139,9,67,Madrugada,1,Desligado
ATEND_0140,8,49,Madrugada,1,Ativo
ATEND_0141,12,40,Tarde,1,Ativo
ATEND_0142,34,63,Tarde,1,Desligado
ATEND_0143,33,57,Manhã,4,Desligado
ATEND_0144,48,63,Madrugada,1,Ativo
ATEND_0145,55,43,Manhã,0,Ativo
ATEND_0146,23,54,Madrugada,1,Ativo
ATEND_0147,24,30,Tarde,2,Ativo
ATEND_0148,37,52,Tarde,3,Desligado
ATEND_0149,35,43,Tarde,0,Ativo
ATEND_0150,44,31,Manhã,1,Ativo
ATEND_0151,40,55,Manhã,2,Ativo
ATEND_0152,22,26,Manhã,0,Ativo
ATEND_0153,27,25,Manhã,0,Ativo
ATEND_0154,35,48,Noite,1,Ativo
ATEND_0155,1,50,Tarde,0,Desligado
ATEND_0156,35,54,Manhã,0,Desligado
ATEND_0157,37,52,Madrugada,2,Ativo
ATEND_0158,47,59,Madrugada,0,Desligado
ATEND_0159,14,52,Madrugada,1,Desligado
ATEND_0160,3,43,Madrugada,1,Desligado
ATEND_0161,1,44,Manhã,0,Ativo
ATEND_0162,5,42,Tarde,0,Ativo
ATEND_0163,26,47,Noite,2,Ativo
ATEND_0164,55,34,Noite,0,Ativo
ATEND_0165,14,48,Manhã,0,Ativo
ATEND_0166,39,44,Noite,1,Ativo
ATEND_0167,27,47,Manhã,2,Ativo
ATEND_0168,9,47,Manhã,0,Ativo
ATEND_0169,15,20,Tarde,0,Ativo
ATEND_0170,15,35,Tarde,3,Ativo
ATEND_0171,26,43,Tarde,0,Desligado
ATEND_0172,42,44,Manhã,2,Desligado
ATEND_0173,13,47,Madrugada,3,Desligado
ATEND_0174,51,48,Manhã,2,Desligado
ATEND_0175,32,60,Manhã,2,Ativo
ATEND_0176,39,48,Madrugada,1,Desligado
ATEND_0177,49,41,Madrugada,1,Ativo
ATEND_0178,52,29,Madrugada,1,Ativo
ATEND_0179,32,31,Noite,0,Ativo
ATEND_0180,4,50,Noite,0,Ativo
ATEND_0181,30,55,Tarde,2,Ativo
ATEND_0182,37,60,Manhã,4,Ativo
ATEND_0183,23,36,Tarde,2,Desligado
ATEND_0184,39,41,Tarde,3,Ativo
ATEND_0185,45,47,Manhã,3,Ativo
ATEND_0186,15,65,Noite,0,Desligado
ATEND_0187,43,46,Tarde,0,Ativo
ATEND_0188,29,60,Manhã,2,Ativo
ATEND_0189,36,46,Manhã,3,Ativo
ATEND_0190,13,56,Noite,1,Ativo
ATEND_0191,32,55,Manhã,0,Ativo
ATEND_0192,7,46,Madrugada,3,Desligado
ATEND_0193,59,34,Tarde,1,Ativo
ATEND_0194,51,42,Tarde,1,Ativo
ATEND_0195,22,59,Tarde,0,Desligado
ATEND_0196,28,53,Noite,2,Ativo
ATEND_0197,2,40,Tarde,2,Ativo
ATEND_0198,42,41,Noite,2,Ativo
ATEND_0199,45,27,Tarde,0,Ativo
ATEND_0200,57,59,Manhã,1,Ativo
ATEND_0201,53,53,Madrugada,1,Ativo
ATEND_0202,6,43,Noite,1,Ativo
ATEND_0203,28,47,Noite,1,Desligado
ATEND_0204,28,23,Madrugada,2,Ativo
ATEND_0205,44,40,Madrugada,0,Ativo
ATEND_0206,44,58,Noite,1,Ativo
ATEND_0207,20,54,Noite,2,Ativo
ATEND_0208,30,48,Noite,3,Ativo
ATEND_0209,11,44,Noite,1,Ativo
ATEND_0210,58,52,Tarde,0,Desligado
ATEND_0211,55,42,Noite,1,Ativo
ATEND_0212,28,28,Manhã,1,Ativo
ATEND_0213,25,44,Madrugada,1,Ativo
ATEND_0214,39,49,Madrugada,1,Ativo
ATEND_0215,33,56,Manhã,2,Ativo
ATEND_0216,1,30,Noite,3,Ativo
ATEND_0217,57,43,Manhã,2,Ativo
ATEND_0218,27,44,Tarde,0,Ativo
ATEND_0219,57,33,Noite,1,Desligado
ATEND_0220,52,49,Manhã,2,Desligado
ATEND_0221,13,52,Noite,1,Desligado
ATEND_0222,41,42,Noite,1,Desligado
ATEND_0223,3,65,Tarde,0,Ativo
ATEND_0224,39,41,Manhã,0,Desligado
ATEND_0225,6,40,Manhã,4,Ativo
ATEND_0226,8,40,Tarde,1,Desligado
ATEND_0227,27,36,Madrugada,1,Desligado
ATEND_0228,9,39,Tarde,2,Ativo
ATEND_0229,37,30,Manhã,2,Desligado
ATEND_0230,33,43,Tarde,1,Ativo
ATEND_0231,51,45,Tarde,0,Ativo
ATEND_0232,42,22,Noite,0,Ativo
ATEND_0233,44,43,Manhã,1,Ativo
ATEND_0234,24,45,Noite,1,Ativo
ATEND_0235,15,50,Tarde,1,Ativo
ATEND_0236,59,57,Madrugada,3,Desligado
ATEND_0237,54,53,Tarde,2,Ativo
ATEND_0238,32,38,Tarde,0,Desligado
ATEND_0239,32,37,Madrugada,0,Desligado
ATEND_0240,24,50,Manhã,2,Desligado
ATEND_0241,41,39,Madrugada,2,Desligado
ATEND_0242,52,32,Noite,1,Ativo
ATEND_0243,49,68,Manhã,3,Desligado
ATEND_0244,49,41,Tarde,0,Desligado
ATEND_0245,58,38,Noite,0,Ativo
ATEND_0246,52,23,Manhã,0,Ativo
ATEND_0247,12,53,Tarde,0,Ativo
ATEND_0248,39,35,Tarde,1,Ativo
ATEND_0249,2,45,Tarde,0,Ativo
ATEND_0250,3,54,Manhã,2,Ativo
ATEND_0251,49,35,Madrugada,0,Ativo
ATEND_0252,37,45,Madrugada,1,Ativo
ATEND_0253,49,60,Madrugada,0,Desligado
ATEND_0254,56,20,Noite,1,Ativo
ATEND_0255,17,36,Manhã,1,Ativo
ATEND_0256,59,35,Noite,2,Ativo
ATEND_0257,49,43,Manhã,4,Ativo
ATEND_0258,2,44,Manhã,1,Desligado
ATEND_0259,2,34,Tarde,2,Ativo
ATEND_0260,28,38,Tarde,1,Ativo
ATEND_0261,54,37,Noite,1,Ativo
ATEND_0262,23,41,Noite,2,Ativo
ATEND_0263,37,47,Tarde,0,Desligado
ATEND_0264,32,54,Manhã,0,Ativo
ATEND_0265,33,55,Madrugada,0,Ativo
ATEND_0266,1,51,Tarde,0,Ativo
ATEND_0267,19,36,Tarde,2,Ativo
ATEND_0268,2,44,Manhã,0,Ativo
ATEND_0269,53,68,Noite,2,Ativo
ATEND_0270,44,55,Noite,2,Ativo
ATEND_0271,26,40,Manhã,1,Ativo
ATEND_0272,32,60,Manhã,0,Ativo
ATEND_0273,6,41,Noite,3,Desligado
ATEND_0274,32,38,Noite,1,Desligado
ATEND_0275,55,58,Manhã,1,Ativo
ATEND_0276,4,31,Madrugada,2,Desligado
ATEND_0277,55,25,Manhã,0,Ativo
ATEND_0278,11,54,Tarde,1,Ativo
ATEND_0279,56,45,Madrugada,0,Desligado
ATEND_0280,59,46,Tarde,0,Desligado
ATEND_0281,17,41,Tarde,1,Desligado
ATEND_0282,38,42,Tarde,1,Ativo
ATEND_0283,24,40,Manhã,3,Ativo
ATEND_0284,5,38,Madrugada,3,Desligado
ATEND_0285,52,41,Tarde,0,Ativo
ATEND_0286,34,40,Madrugada,2,Ativo
ATEND_0287,6,36,Manhã,1,Ativo
ATEND_0288,22,39,Manhã,2,Ativo
ATEND_0289,11,19,Manhã,2,Ativo
ATEND_0290,48,51,Noite,1,Ativo
ATEND_0291,16,48,Tarde,2,Desligado
ATEND_0292,33,44,Madrugada,2,Ativo
ATEND_0293,9,47,Tarde,1,Ativo
ATEND_0294,59,47,Madrugada,2,Ativo
ATEND_0295,6,37,Manhã,2,Ativo
ATEND_0296,16,39,Madrugada,1,Ativo
ATEND_0297,29,50,Noite,0,Ativo
ATEND_0298,3,47,Noite,0,Desligado
ATEND_0299,20,65,Noite,2,Ativo
ATEND_0300,59,61,Noite,1,Desligado
ATEND_0301,36,54,Tarde,0,Ativo
ATEND_0302,19,37,Manhã,4,Ativo
ATEND_0303,26,39,Manhã,3,Ativo
ATEND_0304,3,34,Madrugada,2,Ativo
ATEND_0305,19,47,Tarde,0,Desligado
ATEND_0306,20,17,Noite,1,Ativo
ATEND_0307,32,40,Tarde,2,Ativo
ATEND_0308,7,41,Manhã,1,Desligado
ATEND_0309,52,29,Manhã,3,Desligado
ATEND_0310,41,52,Noite,1,Desligado
ATEND_0311,33,33,Tarde,2,Ativo
ATEND_0312,40,47,Manhã,2,Desligado
ATEND_0313,39,72,Tarde,0,Ativo
ATEND_0314,18,28,Manhã,2,Ativo
ATEND_0315,40,43,Tarde,0,Ativo
ATEND_0316,1,40,Manhã,0,Ativo
ATEND_0317,11,38,Noite,1,Ativo
ATEND_0318,28,52,Tarde,3,Ativo
ATEND_0319,57,56,Tarde,3,Desligado
ATEND_0320,25,52,Manhã,0,Ativo
ATEND_0321,50,37,Manhã,1,Ativo
ATEND_0322,23,69,Tarde,1,Ativo
ATEND_0323,31,27,Tarde,0,Desligado
ATEND_0324,30,34,Tarde,1,Ativo
ATEND_0325,42,46,Manhã,1,Ativo
ATEND_0326,35,45,Noite,2,Desligado
ATEND_0327,7,49,Madrugada,1,Desligado
ATEND_0328,16,60,Noite,0,Ativo
ATEND_0329,26,43,Manhã,1,Ativo
ATEND_0330,48,46,Tarde,5,Desligado
ATEND_0331,57,39,Manhã,3,Ativo
ATEND_0332,52,50,Manhã,1,Ativo
ATEND_0333,49,41,Madrugada,2,Desligado
ATEND_0334,2,41,Manhã,1,Ativo
ATEND_0335,1,50,Tarde,1,Ativo
ATEND_0336,48,55,Tarde,2,Ativo
ATEND_0337,12,22,Noite,1,Ativo
ATEND_0338,5,48,Tarde,3,Ativo
ATEND_0339,37,42,Manhã,2,Desligado
ATEND_0340,32,54,Tarde,1,Ativo
ATEND_0341,59,42,Tarde,1,Ativo
ATEND_0342,55,58,Manhã,2,Ativo
ATEND_0343,9,38,Tarde,0,Ativo
ATEND_0344,41,22,Manhã,0,Desligado
ATEND_0345,35,55,Manhã,1,Ativo
ATEND_0346,19,36,Tarde,1,Ativo
ATEND_0347,48,29,Manhã,0,Ativo
ATEND_0348,16,45,Tarde,1,Ativo
ATEND_0349,3,42,Noite,4,Ativo
ATEND_0350,20,53,Noite,0,Ativo
ATEND_0351,24,53,Manhã,0,Desligado
ATEND_0352,54,45,Manhã,0,Ativo
ATEND_0353,56,36,Manhã,1,Ativo
ATEND_0354,33,47,Tarde,3,Ativo
ATEND_0355,24,46,Noite,0,Desligado
ATEND_0356,52,50,Manhã,2,Ativo
ATEND_0357,11,36,Madrugada,0,Ativo
ATEND_0358,49,40,Manhã,4,Ativo
ATEND_0359,8,50,Tarde,1,Ativo
ATEND_0360,36,57,Noite,1,Desligado
ATEND_0361,38,54,Madrugada,3,Ativo
ATEND_0362,40,45,Noite,2,Ativo
ATEND_0363,20,40,Noite,1,Desligado
ATEND_0364,35,49,Tarde,1,Desligado
ATEND_0365,48,34,Noite,1,Desligado
ATEND_0366,25,36,Manhã,3,Desligado
ATEND_0367,35,60,Madrugada,2,Ativo
ATEND_0368,25,49,Tarde,0,Ativo
ATEND_0369,29,41,Noite,1,Ativo
ATEND_0370,18,53,Tarde,0,Ativo
ATEND_0371,46,57,Tarde,0,Ativo
ATEND_0372,18,40,Tarde,0,Ativo
ATEND_0373,2,40,Noite,2,Ativo
ATEND_0374,54,39,Manhã,0,Desligado
ATEND_0375,35,54,Manhã,1,Ativo
ATEND_0376,16,54,Manhã,0,Desligado
ATEND_0377,41,58,Manhã,1,Ativo
ATEND_0378,36,55,Madrugada,0,Ativo
ATEND_0379,33,28,Manhã,0,Ativo
ATEND_0380,4,47,Madrugada,0,Ativo
ATEND_0381,33,34,Tarde,0,Ativo
ATEND_0382,14,39,Manhã,1,Desligado
ATEND_0383,21,46,Noite,1,Ativo
ATEND_0384,48,53,Noite,0,Ativo
ATEND_0385,20,36,Tarde,2,Ativo
ATEND_0386,56,21,Tarde,1,Ativo
ATEND_0387,8,46,Noite,1,Desligado
ATEND_0388,7,71,Manhã,3,Desligado
ATEND_0389,3,42,Madrugada,0,Ativo
ATEND_0390,17,45,Madrugada,0,Ativo
ATEND_0391,33,62,Noite,1,Ativo
ATEND_0392,48,50,Manhã,2,Desligado
ATEND_0393,12,47,Noite,1,Ativo
ATEND_0394,59,49,Manhã,3,Ativo
ATEND_0395,51,47,Manhã,1,Desligado
ATEND_0396,22,33,Manhã,0,Ativo
ATEND_0397,55,31,Tarde,0,Desligado
ATEND_0398,22,63,Madrugada,2,Ativo
ATEND_0399,46,46,Noite,1,Ativo
ATEND_0400,30,46,Noite,1,Ativo
ATEND_0401,38,44,Tarde,2,Desligado
ATEND_0402,38,52,Tarde,0,Desligado
ATEND_0403,45,70,Tarde,2,Ativo
ATEND_0404,51,50,Madrugada,1,Ativo
ATEND_0405,54,39,Manhã,1,Ativo
ATEND_0406,8,43,Madrugada,4,Desligado
ATEND_0407,27,55,Tarde,0,Ativo
ATEND_0408,27,39,Tarde,1,Ativo
ATEND_0409,34,53,Noite,1,Ativo
ATEND_0410,21,21,Tarde,0,Desligado
ATEND_0411,30,42,Madrugada,1,Ativo
ATEND_0412,33,51,Madrugada,1,Ativo
ATEND_0413,28,57,Tarde,0,Ativo
ATEND_0414,47,36,Manhã,0,Desligado
ATEND_0415,33,29,Tarde,1,Ativo
ATEND_0416,5,42,Madrugada,3,Ativo
ATEND_0417,48,33,Manhã,1,Desligado
ATEND_0418,19,43,Tarde,0,Ativo
ATEND_0419,4,44,Tarde,1,Ativo
ATEND_0420,35,31,Noite,2,Ativo
ATEND_0421,49,53,Manhã,3,Desligado
ATEND_0422,17,43,Noite,1,Ativo
ATEND_0423,44,55,Madrugada,2,Desligado
ATEND_0424,28,26,Manhã,1,Ativo
ATEND_0425,30,34,Manhã,1,Ativo
ATEND_0426,29,50,Madrugada,2,Ativo
ATEND_0427,46,37,Manhã,0,Desligado
ATEND_0428,53,43,Madrugada,2,Ativo
ATEND_0429,6,45,Tarde,0,Desligado
ATEND_0430,35,46,Manhã,1,Ativo
ATEND_0431,41,38,Madrugada,2,Ativo
ATEND_0432,37,46,Tarde,0,Ativo
ATEND_0433,24,37,Tarde,3,Desligado
ATEND_0434,29,51,Tarde,1,Ativo
ATEND_0435,49,43,Tarde,2,Ativo
ATEND_0436,46,46,Manhã,0,Ativo
ATEND_0437,53,70,Tarde,0,Desligado
ATEND_0438,31,33,Madrugada,1,Ativo
ATEND_0439,35,58,Manhã,0,Desligado
ATEND_0440,33,18,Noite,2,Ativo
ATEND_0441,52,24,Tarde,1,Ativo
ATEND_0442,21,32,Noite,1,Ativo
ATEND_0443,32,33,Manhã,4,Desligado
ATEND_0444,23,47,Madrugada,2,Desligado
ATEND_0445,33,47,Tarde,1,Ativo
ATEND_0446,3,42,Manhã,0,Ativo
ATEND_0447,18,43,Manhã,1,Ativo
ATEND_0448,25,50,Manhã,2,Ativo
ATEND_0449,42,53,Tarde,1,Ativo
ATEND_0450,31,31,Tarde,0,Ativo
ATEND_0451,54,41,Noite,0,Ativo
ATEND_0452,58,44,Tarde,1,Ativo
ATEND_0453,3,49,Manhã,2,Ativo
ATEND_0454,40,37,Tarde,1,Ativo
ATEND_0455,46,44,Noite,1,Ativo
ATEND_0456,24,45,Manhã,1,Ativo
ATEND_0457,50,37,Manhã,4,Desligado
ATEND_0458,32,37,Manhã,0,Ativo
ATEND_0459,47,45,Noite,1,Ativo
ATEND_0460,22,43,Noite,1,Ativo
ATEND_0461,23,50,Tarde,0,Ativo
ATEND_0462,2,34,Noite,4,Ativo
ATEND_0463,27,41,Noite,0,Ativo
ATEND_0464,42,42,Tarde,1,Desligado
ATEND_0465,2,53,Madrugada,1,Ativo
ATEND_0466,26,35,Manhã,2,Ativo
ATEND_0467,17,47,Manhã,2,Ativo
ATEND_0468,40,47,Manhã,2,Ativo
ATEND_0469,33,61,Manhã,0,Ativo
ATEND_0470,9,34,Tarde,0,Desligado
ATEND_0471,43,38,Madrugada,1,Ativo
ATEND_0472,54,35,Manhã,1,Ativo
ATEND_0473,48,28,Manhã,3,Ativo
ATEND_0474,39,62,Tarde,4,Ativo
ATEND_0475,29,32,Madrugada,0,Desligado
ATEND_0476,42,36,Tarde,3,Ativo
ATEND_0477,55,58,Tarde,0,Ativo
ATEND_0478,26,27,Manhã,2,Ativo
ATEND_0479,35,52,Manhã,2,Desligado
ATEND_0480,50,30,Madrugada,2,Ativo
ATEND_0481,25,57,Madrugada,1,Ativo
ATEND_0482,24,23,Manhã,0,Ativo
ATEND_0483,13,27,Madrugada,1,Ativo
ATEND_0484,58,39,Tarde,0,Ativo
ATEND_0485,7,54,Madrugada,0,Ativo
ATEND_0486,57,44,Tarde,1,Ativo
ATEND_0487,36,41,Tarde,3,Ativo
ATEND_0488,45,58,Tarde,0,Ativo
ATEND_0489,20,66,Noite,3,Ativo
ATEND_0490,1,51,Manhã,3,Ativo
ATEND_0491,8,38,Manhã,2,Ativo
ATEND_0492,46,40,Tarde,1,Ativo
ATEND_0493,16,32,Noite,1,Desligado
ATEND_0494,14,46,Manhã,0,Ativo
ATEND_0495,12,28,Noite,1,Ativo
ATEND_0496,51,50,Madrugada,2,Ativo
ATEND_0497,23,65,Manhã,2,Desligado
ATEND_0498,15,52,Noite,0,Ativo
ATEND_0499,28,40,Tarde,2,Ativo
ATEND_0500,34,50,Madrugada,0,Ativo
ATEND_0006,8,48,Tarde,1,Desligado
ATEND_0019,3,45,Tarde,0,Desligado
ATEND_0103,45,52,Manhã,1,Ativo
